Year,MissingValues,AverageBefore,AverageAfter,PercentageDifference,TotalObservations,MissingPercentage
2018,0,139900.16666666666,139900.16666666666,0.0,420,0.0
2019,0,146805.31746031746,146805.31746031746,0.0,504,0.0
2020,1,153885.41550695826,153942.45436507938,0.04,504,0.2
2021,5,164018.61723446893,164038.3392857143,0.01,504,0.99
2022,0,179041.43055555556,179041.43055555556,0.0,504,0.0
2023,0,202064.53968253967,202064.53968253967,0.0,504,0.0
2024,1,217805.2386634845,217743.83809523808,-0.03,420,0.24
